loggingTime,loggingSample,identifierForVendor,deviceID,locationTimestamp_since1970,locationLatitude,locationLongitude,locationAltitude,locationSpeed,locationCourse,locationVerticalAccuracy,locationHorizontalAccuracy,locationFloor,locationHeadingTimestamp_since1970,locationHeadingX,locationHeadingY,locationHeadingZ,locationTrueHeading,locationMagneticHeading,locationHeadingAccuracy,accelerometerTimestamp_sinceReboot,accelerometerAccelerationX,accelerometerAccelerationY,accelerometerAccelerationZ,gyroTimestamp_sinceReboot,gyroRotationX,gyroRotationY,gyroRotationZ,motionTimestamp_sinceReboot,motionYaw,motionRoll,motionPitch,motionRotationRateX,motionRotationRateY,motionRotationRateZ,motionUserAccelerationX,motionUserAccelerationY,motionUserAccelerationZ,motionAttitudeReferenceFrame,motionQuaternionX,motionQuaternionY,motionQuaternionZ,motionQuaternionW,motionGravityX,motionGravityY,motionGravityZ,motionMagneticFieldX,motionMagneticFieldY,motionMagneticFieldZ,motionMagneticFieldCalibrationAccuracy,IP_en0,IP_pdp_ip0,deviceOrientation,batteryState,batteryLevel,state
2016-03-01 13:04:17.360,1,519ED1E0-92A7-4D81-8A46-CB597B0F66FC,my_iOS_device_1,1456859056.999995,40.73552349120447,-96.67853171946172,396.3686,0,99.84375,3,5,-9999,1456859057.3332,-17.28848266601562,-29.92073059082031,-37.00775146484375,88.22885894775391,84.95488739013672,10,43852.88469283334,0.032257080078125,-0.6202392578125,-0.802490234375,43852.85880183334,-0.2972737587834409,0.08090283917497214,-0.09332195828633864,43852.85880183334,0.8006791690419047,0.08686401196681751,0.706564675935241,-0.3127679526805878,0.08780531585216522,-0.09166254103183746,0.01241423469036818,0.008080911822617054,-0.07535513490438461,XArbitraryCorrectedZVertical,0.3024453456912424,0.1722275405772085,0.3791513689933471,0.857384818227455,0.06598542630672455,-0.6492246985435486,-0.7577289938926697,-16.8309440612793,-30.39468574523926,-37.15226364135742,2,192.168.0.12,0.0.0.0,1,1,0.76,0
2016-03-01 13:04:17.433,2,519ED1E0-92A7-4D81-8A46-CB597B0F66FC,my_iOS_device_1,1456859056.999995,40.73552349120447,-96.67853171946172,396.3686,0,99.84375,3,5,-9999,1456859057.384641,-16.80080413818359,-29.66677856445312,-37.81761169433594,89.08163452148438,85.80766296386719,10,43852.94409704167,0.0812835693359375,-0.632843017578125,-0.785919189453125,43852.92079891667,-0.03607890855173947,-0.008762865250796725,-0.1394282009744445,43852.92079891667,0.7951052000257479,0.09868073548844558,0.6939575991557648,-0.05158574134111404,-0.001860296353697777,-0.1377689689397812,0.004480573814362288,0.03405468538403511,-0.1355469524860382,XArbitraryCorrectedZVertical,0.2951989083387694,0.1742615971444601,0.3791104458363485,0.8595148457903737,0.07573488354682922,-0.639584481716156,-0.7649809718132019,-16.24092483520508,-29.82379531860352,-37.87059020996094,2,192.168.0.12,0.0.0.0,1,1,0.76,0
2016-03-01 13:04:17.463,3,519ED1E0-92A7-4D81-8A46-CB597B0F66FC,my_iOS_device_1,1456859056.999995,40.73552349120447,-96.67853171946172,396.3686,0,99.84375,3,5,-9999,1456859057.437049,-16.29631805419922,-29.97152328491211,-37.88374328613281,90.90619659423828,87.63222503662109,10,43853.00360420834,0.10797119140625,-0.638641357421875,-0.8032684326171875,43852.98279620834,-0.007582552255673607,0.0007299724547907191,-0.10539886119763,43852.98279620834,0.7858841376297894,0.1031255564061079,0.6975625750950251,-0.02309156581759453,0.0076327845454216,-0.103739894926548,0.01451785024255514,0.0007041911594569683,0.0114534068852663,XArbitraryCorrectedZVertical,0.2967401688282647,0.1754310806059006,0.3756462184437598,0.8602668927316368,0.07889645546674728,-0.642351508140564,-0.762338399887085,-16.06011199951172,-29.91945648193359,-37.87224578857422,2,192.168.0.12,0.0.0.0,1,1,0.76,0
2016-03-01 13:04:17.536,4,519ED1E0-92A7-4D81-8A46-CB597B0F66FC,my_iOS_device_1,1456859056.999995,40.73552349120447,-96.67853171946172,396.3686,0,99.84375,3,5,-9999,1456859057.489179,-16.16178894042969,-29.76836013793945,-37.88372802734375,90.53414154052734,87.26016998291016,10,43853.06291408333,0.0950775146484375,-0.64215087890625,-0.7885284423828125,43853.044793125,0.01487455363641957,-0.01808099958887497,-0.07155541006490301,43853.044793125,0.7804118303874202,0.1051739553454541,0.6950308051116784,-0.0006375273806042969,-0.01117520499974489,-0.06989873200654984,0.005095543805509806,0.004148113075643778,0.002407004591077566,XArbitraryCorrectedZVertical,0.2957289776445175,0.1750695324342535,0.3737014095355558,0.8615348438140751,0.08062833547592163,-0.6404091119766235,-0.7637900710105896,-15.91639137268066,-29.94437217712402,-37.91320419311523,2,192.168.0.12,0.0.0.0,1,1,0.76,0
2016-03-01 13:04:17.582,5,519ED1E0-92A7-4D81-8A46-CB597B0F66FC,my_iOS_device_1,1456859056.999995,40.73552349120447,-96.67853171946172,396.3686,0,99.84375,3,5,-9999,1456859057.541496,-15.94317626953125,-29.81914901733398,-37.70191955566406,91.09200286865234,87.81803131103516,10,43853.12230808334,0.081878662109375,-0.6381072998046875,-0.7847137451171875,43853.106790375,0.03503441677221039,-0.01921843569044782,-0.04608680161214824,43853.106790375,0.7757181569323354,0.1071002844725505,0.693623835070457,0.01952006481587887,-0.01231084205210209,-0.04443157836794853,0.00909760594367981,-0.006103653460741043,-0.01577550917863846,XArbitraryCorrectedZVertical,0.2951645509109779,0.174967612337489,0.3720211749855667,0.8624757781415202,0.08219572901725769,-0.6393278837203979,-0.7645284533500671,-15.847243309021,-29.96969604492188,-37.92215728759766,2,192.168.0.12,0.0.0.0,1,1,0.76,0
2016-03-01 13:04:17.641,6,519ED1E0-92A7-4D81-8A46-CB597B0F66FC,my_iOS_device_1,1456859056.999995,40.73552349120447,-96.67853171946172,396.3686,0,99.84375,3,5,-9999,1456859057.593019,-15.89273071289062,-30.03923797607422,-37.78456115722656,91.51822662353516,88.24425506591797,10,43853.18170804167,0.1023406982421875,-0.637786865234375,-0.78363037109375,43853.16878750001,0.02429335546370281,-0.02510828275726706,-0.05220008789442513,43853.16878750001,0.7707030451088839,0.1098613359090881,0.6931622017617498,0.008775130845606327,-0.01819739863276482,-0.05054743960499763,0.01244783401489258,-0.007023262791335583,-0.01446087565273046,XArbitraryCorrectedZVertical,0.2948890057056194,0.1753412241602679,0.3702834271243608,0.8632416307274521,0.08433866500854492,-0.6389728188514709,-0.7645918726921082,-15.77498626708984,-30.01764869689941,-37.91436004638672,2,192.168.0.12,0.0.0.0,1,1,0.76,0
2016-03-01 13:04:17.702,7,519ED1E0-92A7-4D81-8A46-CB597B0F66FC,my_iOS_device_1,1456859056.999995,40.73552349120447,-96.67853171946172,396.3686,0,99.84375,3,5,-9999,1456859057.696602,-16.06089019775391,-29.73450088500977,-37.22262573242188,91.64441680908203,88.37044525146484,10,43853.24110395834,0.114288330078125,-0.6394500732421875,-0.7803802490234375,43853.230784625,0.06749488835085921,-0.0111447965297636,-0.06172461721698452,43853.19978608334,0.7680345584469345,0.1111301277754149,0.6920051786923002,-0.01042317505925894,-0.02400960773229599,-0.04698770493268967,0.01681273058056831,-0.006113169249147177,-0.009439733810722828,XArbitraryCorrectedZVertical,0.2943806131366313,0.1753020821866763,0.3693639037283202,0.863816844714732,0.08539063483476639,-0.6380823850631714,-0.7652184963226318,-15.7078800201416,-30.03741645812988,-37.92656326293945,2,192.168.0.12,0.0.0.0,1,1,0.76,0
2016-03-01 13:04:17.760,8,519ED1E0-92A7-4D81-8A46-CB597B0F66FC,my_iOS_device_1,1456859056.999995,40.73552349120447,-96.67853171946172,396.3686,0,99.84375,3,5,-9999,1456859057.748573,-15.82546997070312,-30.07310485839844,-37.12345886230469,91.71678924560547,88.44281768798828,10,43853.30062529167,0.1036834716796875,-0.61566162109375,-0.7269744873046875,43853.29278175,0.07438022503315007,-0.01926131258399809,-0.02421026483769234,43853.26178304167,0.7608931647631251,0.1171022821150307,0.6929747310677116,0.05657494813203812,-0.01475815009325743,-0.03833610191941261,0.03073395974934101,-0.004542970098555088,0.01455310545861721,XArbitraryCorrectedZVertical,0.2943358912625864,0.176992490100265,0.3671201900207776,0.8644436405237171,0.08988676965236664,-0.6388286352157593,-0.7640801072120667,-15.60763359069824,-30.07451438903809,-37.93854522705078,2,192.168.0.12,0.0.0.0,1,1,0.76,0
2016-03-01 13:04:17.836,9,519ED1E0-92A7-4D81-8A46-CB597B0F66FC,my_iOS_device_1,1456859056.999995,40.73552349120447,-96.67853171946172,396.3686,0,99.84375,3,5,-9999,1456859057.799186,-15.64048004150391,-30.49635696411133,-36.87554931640625,91.84169006347656,88.56771850585938,10,43853.359915125,0.1075439453125,-0.588134765625,-0.711090087890625,43853.35477870834,0.1332938757195559,0.05008953273053734,-0.03941877887480785,43853.323780125,0.7562926901088978,0.121238206543123,0.6964127031795625,0.05420086532831192,0.01005916390568018,-0.0345572829246521,0.008858796209096909,0.02991282567381859,0.04499490559101105,XArbitraryCorrectedZVertical,0.2954989934829395,0.1786666841884141,0.365614892202084,0.8643403909408424,0.09278000146150589,-0.6414698362350464,-0.7615171074867249,-15.34767150878906,-30.35400772094727,-37.82183837890625,2,192.168.0.12,0.0.0.0,1,1,0.76,0
2016-03-01 13:04:17.879,10,519ED1E0-92A7-4D81-8A46-CB597B0F66FC,my_iOS_device_1,1456859056.999995,40.73552349120447,-96.67853171946172,396.3686,0,99.84375,3,5,-9999,1456859057.852455,-15.60684967041016,-30.63179779052734,-36.41279602050781,92.00107574462891,88.72710418701172,10,43853.419410125,0.09429931640625,-0.530975341796875,-0.6151275634765625,43853.41677600001,0.5608726445311569,0.07327634476131223,-0.05181153269138257,43853.38577729167,0.7510921067430023,0.1284326058337752,0.7037224025409622,0.2865912020206451,0.05995938181877136,-0.03745579347014427,0.00165117101278156,0.08954989165067673,0.03922510147094727,XArbitraryCorrectedZVertical,0.2978704359739926,0.1821909725412219,0.3641746088161739,0.8633982320984661,0.09765303134918213,-0.6470602750778198,-0.7561593055725098,-13.61367797851562,-34.15130233764648,-35.52706909179688,2,192.168.0.12,0.0.0.0,1,1,0.76,0
2016-03-01 13:04:17.939,11,519ED1E0-92A7-4D81-8A46-CB597B0F66FC,my_iOS_device_1,1456859056.999995,40.73552349120447,-96.67853171946172,396.3686,0,99.84375,3,5,-9999,1456859057.9035,-15.35459899902344,-31.29207229614258,-36.1318359375,94.28666687011719,91.0126953125,10,43853.47871933334,0.01751708984375,-0.540863037109375,-0.5787200927734375,43853.47877295833,0.3629023038423726,-0.1204614340070091,0.2712671917904901,43853.447774375,0.7467168792474422,0.1397171044481854,0.7348776809623394,0.5517154932022095,0.2125459164381027,0.2486510425806046,0.04653558135032654,0.1531776785850525,0.1471282243728638,XArbitraryCorrectedZVertical,0.3099022421281914,0.1913609758545131,0.3629149231872463,0.8576912823224599,0.103320986032486,-0.67049640417099,-0.7346831560134888,-13.22378730773926,-35.26352691650391,-34.57500839233398,2,192.168.0.12,0.0.0.0,1,1,0.76,0
2016-03-01 13:04:18.036,12,519ED1E0-92A7-4D81-8A46-CB597B0F66FC,my_iOS_device_1,1456859056.999995,40.73552349120447,-96.67853171946172,396.3686,0,99.84375,3,5,-9999,1456859058.006472,-15.53956604003906,-32.83271789550781,-34.92533874511719,94.7991943359375,91.52522277832031,10,43853.53810525,0.025909423828125,-0.5098419189453125,-0.5385284423828125,43853.54077004167,0.7232066940413728,0.007752461933220663,-0.3184192578386701,43853.50977166667,0.7587390472397076,0.1265850882631719,0.7619077834293255,0.4984039962291718,-0.1498696506023407,-0.07470786571502686,-0.1074405163526535,0.1762496829032898,0.08397280424833298,XArbitraryCorrectedZVertical,0.3229340147521082,0.1919581929075845,0.3649421292816084,0.8518702463210978,0.091342493891716,-0.6903030276298523,-0.7177313566207886,-13.78558731079102,-35.96605682373047,-33.61869812011719,2,192.168.0.12,0.0.0.0,1,1,0.76,0
2016-03-01 13:04:18.058,13,519ED1E0-92A7-4D81-8A46-CB597B0F66FC,my_iOS_device_1,1456859056.999995,40.73552349120447,-96.67853171946172,396.3686,0,99.84375,3,5,-9999,1456859058.006472,-15.53956604003906,-32.83271789550781,-34.92533874511719,94.7991943359375,91.52522277832031,10,43853.59760125,0.0618896484375,-0.5525970458984375,-0.4237213134765625,43853.57176866667,0.4100149551064193,0.2058972396734051,-0.3359380641214293,43853.57176866667,0.727188203588522,0.1509872051828664,0.7973090021556649,0.3944884538650513,0.212833359837532,-0.3343045711517334,-0.03400911018252373,0.1486451625823975,0.2570467591285706,XArbitraryCorrectedZVertical,0.3370486359391953,0.2026205353274347,0.3541778304899892,0.8484699170062416,0.1050845459103584,-0.7154786586761475,-0.6906862854957581,-13.6096134185791,-36.91950225830078,-32.64269256591797,2,192.168.0.12,0.0.0.0,1,1,0.76,0
2016-03-01 13:04:18.136,14,519ED1E0-92A7-4D81-8A46-CB597B0F66FC,my_iOS_device_1,1456859056.999995,40.73552349120447,-96.67853171946172,396.3686,0,99.84375,3,5,-9999,1456859058.110441,-13.89159393310547,-33.67922973632812,-34.82615661621094,92.16517639160156,88.89120483398438,10,43853.65688395833,0.2016143798828125,-0.36541748046875,-0.6892242431640625,43853.63376595834,-0.8316556736354707,0.1763577231783552,-0.8108438686648284,43853.63376595834,0.6798239199359094,0.201061304501947,0.7694466630096479,-0.8471819758415222,0.1832937449216843,-0.8092104196548462,0.01940666325390339,0.2302837818861008,0.1546009629964828,XArbitraryCorrectedZVertical,0.3210279399500997,0.2121983826214022,0.3429835413727099,0.8568985929103359,0.1434503942728043,-0.695737898349762,-0.703825831413269,-11.5273380279541,-37.56144332885742,-32.71199798583984,2,192.168.0.12,0.0.0.0,1,1,0.76,0
2016-03-01 13:04:18.177,15,519ED1E0-92A7-4D81-8A46-CB597B0F66FC,my_iOS_device_1,1456859056.999995,40.73552349120447,-96.67853171946172,396.3686,0,99.84375,3,5,-9999,1456859058.162021,-12.32769012451172,-32.91737365722656,-35.63603210449219,93.79124450683594,90.51727294921875,10,43853.71627083333,0.1396942138671875,-0.2226104736328125,-0.6089324951171875,43853.69576308333,-0.8920252744898228,-0.2323983556807837,-0.6875091501577327,43853.69576308333,0.6341128019265472,0.2281768942333972,0.7051847004702996,-0.907612681388855,-0.2254373133182526,-0.685933530330658,0.02226802706718445,0.3223840892314911,0.06400465220212936,XArbitraryCorrectedZVertical,0.2926775430406056,0.2084771284102011,0.328042430860443,0.8736505630312071,0.1722510159015656,-0.6481744647026062,-0.7417542934417725,-10.21052360534668,-36.72071075439453,-34.07566452026367,2,192.168.0.12,0.0.0.0,1,1,0.76,0
2016-03-01 13:04:18.236,16,519ED1E0-92A7-4D81-8A46-CB597B0F66FC,my_iOS_device_1,1456859056.999995,40.73552349120447,-96.67853171946172,396.3686,0,99.84375,3,5,-9999,1456859058.213503,-11.80638885498047,-31.41058731079102,-37.07389831542969,96.33560943603516,93.06163787841797,10,43853.77567695834,0.139862060546875,-0.13677978515625,-0.6981658935546875,43853.75776004167,-1.478673589947421,-1.057378549727862,-0.8972189712476953,43853.75776004167,0.5975890119517,0.2138218056275276,0.6235061768319381,-1.494260787963867,-1.050417542457581,-0.8956433534622192,-0.034771628677845,0.4761886596679688,0.1047039553523064,XArbitraryCorrectedZVertical,0.261566379410694,0.1868390930155099,0.3098592011776998,0.8947968808219342,0.1722685694694519,-0.5838851928710938,-0.7933483719825745,-9.210660934448242,-34.22238922119141,-36.84844970703125,2,192.168.0.12,0.0.0.0,1,1,0.76,0
2016-03-01 13:04:18.346,17,519ED1E0-92A7-4D81-8A46-CB597B0F66FC,my_iOS_device_1,1456859057.999994,40.73552349120447,-96.67853171946172,396.117,0,99.84375,3,5,-9999,1456859058.319214,-13.30302429199219,-26.78865051269531,-40.09841918945312,98.45764923095703,95.18367767333984,10,43853.83520279167,0.1006622314453125,-0.2288360595703125,-0.8329010009765625,43853.81975733334,-1.516461448970664,-0.5535055420076707,-0.6833847125775271,43853.81975733334,0.5568550305997061,0.1752911484312582,0.517703782536493,-1.532048463821411,-0.5465446710586548,-0.6818091869354248,-0.02254395373165607,0.2783639132976532,0.1040853634476662,XArbitraryCorrectedZVertical,0.221911905160762,0.15144050908398,0.286210795159036,0.9197305362391534,0.1515417546033859,-0.4948861300945282,-0.855641782283783,-9.859799385070801,-31.07038879394531,-39.38567733764648,2,192.168.0.12,0.0.0.0,1,1,0.76,0
2016-03-01 13:04:18.353,18,519ED1E0-92A7-4D81-8A46-CB597B0F66FC,my_iOS_device_1,1456859057.999994,40.73552349120447,-96.67853171946172,396.117,0,99.84375,3,5,-9999,1456859058.319214,-13.30302429199219,-26.78865051269531,-40.09841918945312,98.45764923095703,95.18367767333984,10,43853.89447154167,0.1555938720703125,-0.355987548828125,-1.306716918945312,43853.88175433334,-1.619292223929131,-0.2188423331000623,-0.6185069126298887,43853.88175433334,0.5347261244932234,0.173955990372714,0.4139164823034198,-1.634879112243652,-0.211881548166275,-0.6169313788414001,-0.02813851460814476,0.09245999157428741,-0.2558883726596832,XArbitraryCorrectedZVertical,0.1749742290156052,0.1360755677401471,0.2747899253937564,0.9356056626307407,0.1584638357162476,-0.4021981358528137,-0.9017348885536194,-9.641422271728516,-28.7564582824707,-41.15732574462891,2,192.168.0.12,0.0.0.0,1,1,0.76,0
2016-03-01 13:04:18.435,19,519ED1E0-92A7-4D81-8A46-CB597B0F66FC,my_iOS_device_1,1456859057.999994,40.73552349120447,-96.67853171946172,396.117,0,99.84375,3,5,-9999,1456859058.420879,-14.93418884277344,-21.86197280883789,-42.66015625,105.9327850341797,102.6588134765625,10,43853.95384225,0.1311492919921875,-0.4643707275390625,-1.10498046875,43853.94375141667,-1.044134383310789,-0.7975222042600341,-0.5047454592933009,43853.91275304167,0.5247756022938613,0.1623093797760653,0.3662265840078497,-1.308564424514771,-0.689351499080658,-0.5042120218276978,0.004559933673590422,-0.01837003603577614,-0.4108465909957886,XArbitraryCorrectedZVertical,0.1546046571189634,0.1240589608833732,0.2684675251115581,0.9426727757722523,0.1508813500404358,-0.3580948114395142,-0.9214135408401489,-9.254416465759277,-26.16207122802734,-42.93854141235352,2,192.168.0.12,0.0.0.0,1,1,0.76,0
2016-03-01 13:04:18.473,20,519ED1E0-92A7-4D81-8A46-CB597B0F66FC,my_iOS_device_1,1456859057.999994,40.73552349120447,-96.67853171946172,396.117,0,99.84375,3,5,-9999,1456859058.420879,-14.93418884277344,-21.86197280883789,-42.66015625,105.9327850341797,102.6588134765625,10,43854.013338875,0.1883544921875,-0.5065460205078125,-1.385482788085938,43854.00574875,-0.6904556715877964,-0.3047343382611889,-0.6027908000890041,43853.97475004167,0.5011270329846677,0.1268010170579078,0.2947626877087439,-1.045328378677368,-0.4286139905452728,-0.574790894985199,0.01691684313118458,-0.1961357742547989,-0.21528559923172,XArbitraryCorrectedZVertical,0.126437576415564,0.09705202371743674,0.2537826185285849,0.9540381682591668,0.1210073530673981,-0.2905127704143524,-0.9491888880729675,-10.41448593139648,-23.195556640625,-44.3544921875,2,192.168.0.12,0.0.0.0,1,1,0.76,0
2016-03-01 13:04:18.538,21,519ED1E0-92A7-4D81-8A46-CB597B0F66FC,my_iOS_device_1,1456859057.999994,40.73552349120447,-96.67853171946172,396.117,0,99.84375,3,5,-9999,1456859058.524484,-15.70773315429688,-18.71296119689941,-43.28819274902344,109.9736251831055,106.6996536254883,10,43854.072632,0.2422027587890625,-0.5166168212890625,-1.30718994140625,43854.06774575001,0.2561982273944948,-0.1961159816217621,-0.3617315782271738,43854.03674741667,0.4694741854929375,0.1163000723983545,0.2534263281860139,-0.05652467533946037,-0.2536633014678955,-0.5076797604560852,0.1294895857572556,-0.2632852494716644,-0.4083229601383209,XArbitraryCorrectedZVertical,0.1092918869732232,0.0854136511458887,0.2374756926733038,0.9614390708875517,0.112331710755825,-0.2507223188877106,-0.9615195989608765,-10.71196365356445,-21.11673927307129,-45.31173706054688,2,192.168.0.12,0.0.0.0,1,1,0.76,0
2016-03-01 13:04:18.602,22,519ED1E0-92A7-4D81-8A46-CB597B0F66FC,my_iOS_device_1,1456859057.999994,40.73552349120447,-96.67853171946172,396.117,0,99.84375,3,5,-9999,1456859058.576855,-15.38822937011719,-19.37323570251465,-42.67665100097656,112.4905853271484,109.2166137695312,10,43854.132015875,0.2509918212890625,-0.4499969482421875,-1.41754150390625,43854.129743,0.4989988902931279,0.1020890845948795,-0.2540450616531657,43854.09874445834,0.4456469780108818,0.110538482382103,0.2633037497568496,0.2553535103797913,-0.1485425531864166,-0.2411634176969528,0.1049141809344292,-0.2176639437675476,-0.3629587590694427,XArbitraryCorrectedZVertical,0.1157292534975781,0.08237390537169954,0.2258096903656772,0.9637589238682501,0.1065116003155708,-0.2602718472480774,-0.9596425294876099,-10.7604341506958,-21.54323577880859,-45.09898376464844,2,192.168.0.12,0.0.0.0,1,1,0.76,0
2016-03-01 13:04:18.651,23,519ED1E0-92A7-4D81-8A46-CB597B0F66FC,my_iOS_device_1,1456859057.999994,40.73552349120447,-96.67853171946172,396.117,0,99.84375,3,5,-9999,1456859058.628155,-14.86692047119141,-20.60913848876953,-42.23039245605469,114.8632507324219,111.5892791748047,10,43854.19151645833,0.300506591796875,-0.3662567138671875,-1.380157470703125,43854.19174016667,0.9205589150411498,0.5461970290281662,0.1589297306887677,43854.16074145833,0.427976440854255,0.1256316699379089,0.2953125124547804,0.897212028503418,0.5296472907066345,-0.08556265383958817,0.1527514755725861,-0.1296306997537613,-0.440248429775238,XArbitraryCorrectedZVertical,0.1302955301561041,0.09185593833781197,0.2186585683873745,0.9626910157907504,0.1198773086071014,-0.29103884100914,-0.9491711258888245,-10.50634956359863,-22.71145248413086,-44.582763671875,2,192.168.0.12,0.0.0.0,1,1,0.76,0
2016-03-01 13:04:18.735,24,519ED1E0-92A7-4D81-8A46-CB597B0F66FC,my_iOS_device_1,1456859057.999994,40.73552349120447,-96.67853171946172,396.117,0,99.84375,3,5,-9999,1456859058.680334,-14.54741668701172,-22.35294532775879,-41.51972961425781,115.6932754516602,112.419303894043,10,43854.25080925,0.165252685546875,-0.3046722412109375,-1.000732421875,43854.25373720834,0.3017859526183622,0.1550889197646554,0.3467576886820942,43854.22273879167,0.4317084195734819,0.1548652752613132,0.3496687540712217,0.6834224462509155,0.258854866027832,0.410234808921814,0.09803751856088638,0.01227961853146553,-0.2867993414402008,XArbitraryCorrectedZVertical,0.153083796189167,0.1115525168485417,0.2234280898826768,0.9561387326013264,0.1449129283428192,-0.3425866365432739,-0.9282428026199341,-9.105558395385742,-25.09188079833984,-43.60392761230469,2,192.168.0.12,0.0.0.0,1,1,0.76,0
2016-03-01 13:04:18.770,25,519ED1E0-92A7-4D81-8A46-CB597B0F66FC,my_iOS_device_1,1456859057.999994,40.73552349120447,-96.67853171946172,396.117,0,99.84375,3,5,-9999,1456859058.731721,-14.16065216064453,-23.58884811401367,-41.13961791992188,113.3839950561523,110.1100234985352,10,43854.31030783334,0.2347869873046875,-0.50982666015625,-0.8549346923828125,43854.28473595834,-0.1170640394043951,0.6201010808584101,0.2761884471688476,43854.28473595834,0.4519769836286667,0.1654802065109873,0.3665233171720036,-0.132656455039978,0.6270632743835449,0.2777613699436188,0.01136115472763777,-0.04372776299715042,0.08533065766096115,XArbitraryCorrectedZVertical,0.1587879400327843,0.1198898018418671,0.2342421637760248,0.951600459344157,0.1537847220897675,-0.3583718538284302,-0.9208256602287292,-9.056921005249023,-26.18107223510742,-42.96905899047852,2,192.168.0.12,0.0.0.0,1,1,0.76,0
2016-03-01 13:04:18.836,26,519ED1E0-92A7-4D81-8A46-CB597B0F66FC,my_iOS_device_1,1456859057.999994,40.73552349120447,-96.67853171946172,396.117,0,99.84375,3,5,-9999,1456859058.783873,-13.4039306640625,-23.77507781982422,-41.45362854003906,112.09228515625,108.8183135986328,10,43854.36958516667,0.2158966064453125,-0.526611328125,-1.414749145507812,43854.34673291667,-1.567137676089346,1.106084037639885,0.8882696847205931,43854.34673291667,0.499335087142748,0.2088596184100741,0.3163971778905534,-1.582727909088135,1.113046288490295,0.8898428082466125,0.07237204164266586,-0.3305943012237549,-0.2204066663980484,XArbitraryCorrectedZVertical,0.1263891205591118,0.1384598774296996,0.2585799509971026,0.9476239029745951,0.197052389383316,-0.3111445903778076,-0.9297093152999878,-7.666234016418457,-24.75459671020508,-44.07102203369141,2,192.168.0.12,0.0.0.0,1,1,0.76,0
2016-03-01 13:04:18.889,27,519ED1E0-92A7-4D81-8A46-CB597B0F66FC,my_iOS_device_1,1456859057.999994,40.73552349120447,-96.67853171946172,396.117,0,99.84375,3,5,-9999,1456859058.835857,-12.44541168212891,-21.08318328857422,-43.18901062011719,107.6854476928711,104.4114761352539,10,43854.42896962501,0.173828125,-0.3020782470703125,-1.244537353515625,43854.40873029167,-0.9250876204748295,-0.01008805420922015,1.205963497478326,43854.40873029167,0.5948317805696712,0.213605114479733,0.2467703547921555,-0.9406776428222656,-0.003125812392681837,1.207536578178406,-0.09283074736595154,-0.07776331156492233,-0.295358806848526,XArbitraryCorrectedZVertical,0.08599703373894874,0.1370056672465733,0.3017090527070357,0.9395773543700742,0.2055626809597015,-0.2442734241485596,-0.9476678967475891,-6.722907066345215,-19.98334121704102,-46.57558059692383,2,192.168.0.12,0.0.0.0,1,1,0.76,0
2016-03-01 13:04:18.948,28,519ED1E0-92A7-4D81-8A46-CB597B0F66FC,my_iOS_device_1,1456859057.999994,40.73552349120447,-96.67853171946172,396.117,0,99.84375,3,5,-9999,1456859058.939896,-12.05863189697266,-16.52897071838379,-45.68464660644531,103.9601287841797,100.6861572265625,10,43854.48841616667,0.137786865234375,-0.3466796875,-0.959686279296875,43854.47072725,0.9679762319339016,0.02360759148300741,0.2502609760602721,43854.47072725,0.6328226094561306,0.2071788501125304,0.2560243980037775,0.9523863792419434,0.03056973963975906,0.2518340647220612,0.02114356122910976,-0.1282179206609726,-0.1808469146490097,XArbitraryCorrectedZVertical,0.08876327202853318,0.1369773757282979,0.3195032385737568,0.9334216413916491,0.1989949941635132,-0.2532365620136261,-0.9467165470123291,-10.1650390625,-20.7443675994873,-44.31475448608398,2,192.168.0.12,0.0.0.0,1,1,0.76,0
2016-03-01 13:04:19.035,29,519ED1E0-92A7-4D81-8A46-CB597B0F66FC,my_iOS_device_1,1456859057.999994,40.73552349120447,-96.67853171946172,396.117,0,99.84375,3,5,-9999,1456859058.992331,-12.32769012451172,-17.8156623840332,-45.32106018066406,104.6025924682617,101.3286209106445,10,43854.54773708334,0.242706298828125,-0.4514312744140625,-0.7503204345703125,43854.53272454167,0.8915831897488696,-0.103652892786974,-0.2873042152427293,43854.53272454167,0.6166419269267686,0.2096116859210839,0.3275969488590121,0.8759939074516296,-0.09669110924005508,-0.2857309281826019,-0.04892750084400177,-0.09706979244947433,0.2493210732936859,XArbitraryCorrectedZVertical,0.1232037321448054,0.1475593718665334,0.3140092491785439,0.9297554859156756,0.1970140486955643,-0.3217687010765076,-0.926094114780426,-10.38948917388916,-23.58489990234375,-42.81664276123047,2,192.168.0.12,0.0.0.0,1,1,0.76,0
2016-03-01 13:04:19.066,30,519ED1E0-92A7-4D81-8A46-CB597B0F66FC,my_iOS_device_1,1456859057.999994,40.73552349120447,-96.67853171946172,396.117,0,99.84375,3,5,-9999,1456859059.043096,-12.26042938232422,-20.08430099487305,-44.32942199707031,103.48046875,100.2064971923828,10,43854.607181375,0.2034454345703125,-0.4447021484375,-0.749603271484375,43854.59472175,1.366057029563458,0.3356528395686818,0.4104091029477511,43854.59472175,0.5988590554252704,0.2262010243365889,0.3872928355378639,1.350470304489136,0.3426158130168915,0.4119820892810822,0.06447464227676392,-0.09576655924320221,0.09289888292551041,XArbitraryCorrectedZVertical,0.1500325482021064,0.1622241410670163,0.3083645599747734,0.9252485399537994,0.2076658606529236,-0.3776831328868866,-0.9023471474647522,-9.978525161743164,-26.09186744689941,-41.4378776550293,2,192.168.0.12,0.0.0.0,1,1,0.76,0
2016-03-01 13:04:19.138,31,519ED1E0-92A7-4D81-8A46-CB597B0F66FC,my_iOS_device_1,1456859057.999994,40.73552349120447,-96.67853171946172,396.117,0,99.84375,3,5,-9999,1456859059.094602,-12.0250244140625,-22.25136184692383,-43.07331848144531,105.0848922729492,101.810920715332,10,43854.66651729167,0.047943115234375,-0.344390869140625,-0.857025146484375,43854.65671875,-0.107649764950965,-0.3129520544368464,1.174096378190546,43854.62572029167,0.6093157579978383,0.2306640550819151,0.4262681682659606,0.8930524587631226,0.24884133040905,0.7109754085540771,-0.008367059752345085,-0.05374832078814507,0.1466996073722839,XArbitraryCorrectedZVertical,0.1667047530540113,0.170321938480934,0.3144522363264921,0.9188687358108274,0.2081656455993652,-0.4134758114814758,-0.8863999247550964,-9.892332077026367,-28.06526374816895,-40.14893341064453,2,192.168.0.12,0.0.0.0,1,1,0.76,0
2016-03-01 13:04:19.185,32,519ED1E0-92A7-4D81-8A46-CB597B0F66FC,my_iOS_device_1,1456859058.999994,40.73552349120447,-96.67853171946172,395.9674,0,99.84375,3,5,-9999,1456859059.146453,-12.49587249755859,-23.16559219360352,-42.67666625976562,100.7457580566406,97.47178649902344,10,43854.72590366667,0.227630615234375,-0.550933837890625,-1.026077270507812,43854.71871604167,0.23691454425734,0.8534872029875041,0.2322572081430095,43854.68771733333,0.6779828224785776,0.1899123766483367,0.4335144844374641,-0.6085187196731567,-0.06751087307929993,0.8018884062767029,-0.1526031494140625,0.09218190610408783,0.0009659870411269367,XArbitraryCorrectedZVertical,0.171119847111296,0.1585197086882674,0.3425222485168391,0.910092308039676,0.1713104248046875,-0.420062780380249,-0.8911790251731873,-10.89086723327637,-28.45185852050781,-39.61483001708984,2,192.168.0.12,0.0.0.0,1,1,0.76,0
2016-03-01 13:04:19.244,33,519ED1E0-92A7-4D81-8A46-CB597B0F66FC,my_iOS_device_1,1456859058.999994,40.73552349120447,-96.67853171946172,395.9674,0,99.84375,3,5,-9999,1456859059.197756,-12.81537628173828,-23.1486644744873,-42.85847473144531,99.47523498535156,96.20126342773438,10,43854.78541075,0.1521453857421875,-0.4211883544921875,-0.981842041015625,43854.78071308334,0.1977469014733267,0.1473705462933878,0.6445142785711665,43854.7497145,0.7032337260518101,0.2255477601888421,0.4457782120683533,0.3744462728500366,0.8283199667930603,0.5536604523658752,0.0438966378569603,-0.1222913637757301,-0.2048214226961136,XArbitraryCorrectedZVertical,0.1684054724586459,0.178685259969129,0.3571163297478664,0.9012097989609192,0.2017851322889328,-0.431160181760788,-0.8794223666191101,-11.25620174407959,-27.36212348937988,-40.27488327026367,2,192.168.0.12,0.0.0.0,1,1,0.76,0
2016-03-01 13:04:19.338,34,519ED1E0-92A7-4D81-8A46-CB597B0F66FC,my_iOS_device_1,1456859058.999994,40.73552349120447,-96.67853171946172,395.9674,0,99.84375,3,5,-9999,1456859059.301525,-12.5126953125,-22.8100643157959,-42.59403991699219,96.23513793945312,92.96116638183594,10,43854.84466491667,0.189697265625,-0.431610107421875,-0.8463287353515625,43854.84271020834,0.5185576779708879,0.3166064440846531,0.2209662040694005,43854.81171179167,0.7389616153210584,0.2253723242690319,0.4672758037137651,0.2460607886314392,0.1684674024581909,0.4257703721523285,-0.1072279363870621,0.07183946669101715,-0.06380027532577515,XArbitraryCorrectedZVertical,0.1750196960851142,0.1850884854113569,0.3733682266803722,0.8920238370447179,0.1995130926370621,-0.4504558145999908,-0.8702207207679749,-11.08251953125,-27.56423187255859,-40.18513107299805,2,192.168.0.12,0.0.0.0,5,1,0.76,0
2016-03-01 13:04:19.363,35,519ED1E0-92A7-4D81-8A46-CB597B0F66FC,my_iOS_device_1,1456859058.999994,40.73552349120447,-96.67853171946172,395.9674,0,99.84375,3,5,-9999,1456859059.353742,-12.07547760009766,-23.6904296875,-42.06515502929688,96.04807281494141,92.77410125732422,10,43854.904169,0.262603759765625,-0.49395751953125,-0.820465087890625,43854.90470758334,0.7706847310069785,0.1288533209179578,0.3995484657062989,43854.87370887501,0.7493324290659811,0.2390473918675515,0.4993325654416231,0.5503377914428711,0.2705321907997131,0.2719099521636963,0.06756912916898727,-0.0229760929942131,0.03180181980133057,XArbitraryCorrectedZVertical,0.1860159983704515,0.1973040817845664,0.379503213834361,0.8845600366005731,0.2078672796487808,-0.4788396954536438,-0.8529382944107056,-11.16854381561279,-28.39144897460938,-39.58084487915039,2,192.168.0.12,0.0.0.0,5,1,0.76,0
2016-03-01 13:04:19.436,36,519ED1E0-92A7-4D81-8A46-CB597B0F66FC,my_iOS_device_1,1456859058.999994,40.73552349120447,-96.67853171946172,395.9674,0,99.84375,3,5,-9999,1456859059.405056,-11.94095611572266,-24.97712326049805,-41.47018432617188,96.42608642578125,93.15211486816406,10,43854.963452,0.1788482666015625,-0.5067596435546875,-0.722412109375,43854.966704625,0.6728279420164529,-0.02576794775927968,0.3184586726228033,43854.93570620834,0.7629269339293536,0.2390164454539469,0.5489882931894303,0.7800947427749634,-0.01070892624557018,0.3771887123584747,-0.02672590501606464,0.04034862667322159,0.1010642796754837,XArbitraryCorrectedZVertical,0.2070591420724521,0.2067018595821187,0.3857799461622846,0.8749712487096715,0.2019578367471695,-0.5218244791030884,-0.828801691532135,-11.42453956604004,-29.81650733947754,-38.4435920715332,2,192.168.0.12,0.0.0.0,5,1,0.76,0
2016-03-01 13:04:19.482,37,519ED1E0-92A7-4D81-8A46-CB597B0F66FC,my_iOS_device_1,1456859058.999994,40.73552349120447,-96.67853171946172,395.9674,0,99.84375,3,5,-9999,1456859059.457479,-12.3109130859375,-26.19609451293945,-40.47853088378906,94.90534973144531,91.63137817382812,10,43855.022847875,0.0859222412109375,-0.505401611328125,-0.7008819580078125,43854.99770333333,0.6403102124743675,-0.1247858749850798,0.3189955658985632,43854.99770333333,0.7750498509523346,0.2298134092955574,0.5942381409370664,0.6246715784072876,-0.1178040355443954,0.3205150067806244,-0.05402615666389465,0.057070042937994,0.07295019924640656,XArbitraryCorrectedZVertical,0.227840688166417,0.2114073041841112,0.390034954139134,0.866757351917575,0.1887460052967072,-0.5598776340484619,-0.8067911267280579,-11.87900066375732,-30.77978897094727,-37.53595733642578,2,192.168.0.12,0.0.0.0,5,1,0.76,0
2016-03-01 13:04:19.541,38,519ED1E0-92A7-4D81-8A46-CB597B0F66FC,my_iOS_device_1,1456859058.999994,40.73552349120447,-96.67853171946172,395.9674,0,99.84375,3,5,-9999,1456859059.507901,-13.00037384033203,-27.05953216552734,-40.16450500488281,93.71520233154297,90.44123077392578,10,43855.0822325,0.0966949462890625,-0.5560455322265625,-0.7245025634765625,43855.05970041667,0.2974854800901022,-0.1850071377667146,0.03937536934903955,43855.05970041667,0.7811892553518768,0.2139180833747145,0.6204208274137951,0.2818469703197479,-0.1780253797769547,0.04089479148387909,-0.1002015545964241,0.05269108712673187,0.06419242918491364,XArbitraryCorrectedZVertical,0.2419489481313777,0.2095626258655376,0.3906270571097632,0.8631075915505838,0.172726571559906,-0.5813776254653931,-0.7950884103775024,-12.97540760040283,-32.06318664550781,-36.06999588012695,2,192.168.0.12,0.0.0.0,5,1,0.76,0
2016-03-01 13:04:19.636,39,519ED1E0-92A7-4D81-8A46-CB597B0F66FC,my_iOS_device_1,1456859058.999994,40.73552349120447,-96.67853171946172,395.9674,0,99.84375,3,5,-9999,1456859059.612993,-13.85800170898438,-28.73561859130859,-38.6605224609375,94.16470336914062,90.89073181152344,10,43855.141613375,0.161407470703125,-0.6208343505859375,-0.7120513916015625,43855.12169775,0.1783409792421373,-0.06559339133254263,-0.008558068162969631,43855.12169775,0.7746084975857659,0.2149389330658232,0.6360141613004822,0.162702664732933,-0.05861172452569008,-0.007038663141429424,-0.01353301014751196,-0.007996064610779285,0.05182753130793571,XArbitraryCorrectedZVertical,0.2493631269485984,0.2117518249839273,0.3877406675869992,0.8617635233830707,0.1715835481882095,-0.5939936637878418,-0.7859584093093872,-13.12520217895508,-32.4886589050293,-35.63243103027344,2,192.168.0.12,0.0.0.0,5,1,0.76,0
2016-03-01 13:04:19.660,40,519ED1E0-92A7-4D81-8A46-CB597B0F66FC,my_iOS_device_1,1456859058.999994,40.73552349120447,-96.67853171946172,395.9674,0,99.84375,3,5,-9999,1456859059.612993,-13.85800170898438,-28.73561859130859,-38.6605224609375,94.16470336914062,90.89073181152344,10,43855.20110970834,0.1258392333984375,-0.5461883544921875,-0.807342529296875,43855.18369479167,-0.1266090750673481,0.2814782840420719,0.02937360155913796,43855.18369479167,0.7818201129601533,0.2113791061829695,0.6367883468259907,-0.1422261446714401,0.2884641587734222,0.03089469857513905,-0.07652497291564941,0.04079856351017952,0.05627121776342392,XArbitraryCorrectedZVertical,0.2496361446484751,0.2112453959967062,0.3903923644959058,0.8606108177908052,0.1686880588531494,-0.5946162939071655,-0.7861143350601196,-13.35034942626953,-32.73372650146484,-35.32315063476562,2,192.168.0.12,0.0.0.0,5,1,0.76,0
2016-03-01 13:04:19.738,41,519ED1E0-92A7-4D81-8A46-CB597B0F66FC,my_iOS_device_1,1456859058.999994,40.73552349120447,-96.67853171946172,395.9674,0,99.84375,3,5,-9999,1456859059.71642,-13.35352325439453,-28.49859619140625,-39.91658020019531,91.97213745117188,88.69816589355469,10,43855.26040458334,0.184722900390625,-0.5685272216796875,-0.8106689453125,43855.24569191667,-0.0400222511778198,0.1344275833956027,-0.05738552885291841,43855.24569191667,0.7825395129460778,0.2254057225349522,0.6290549949356561,-0.05565508455038071,0.1413934081792831,-0.0558554120361805,-0.003412858583033085,0.01785478182137012,-0.008989584632217884,XArbitraryCorrectedZVertical,0.2433869018821409,0.2160972883777398,0.3925164766599643,0.8602299654734606,0.1807199865579605,-0.5883809328079224,-0.7881295680999756,-12.79515552520752,-32.42690277099609,-35.80829238891602,2,192.168.0.12,0.0.0.0,1,1,0.76,0
2016-03-01 13:04:19.779,42,519ED1E0-92A7-4D81-8A46-CB597B0F66FC,my_iOS_device_1,1456859058.999994,40.73552349120447,-96.67853171946172,395.9674,0,99.84375,3,5,-9999,1456859059.768524,-12.71450805664062,-28.39701843261719,-40.14796447753906,91.79964447021484,88.52567291259766,10,43855.31990545834,0.1657867431640625,-0.5698089599609375,-0.8253631591796875,43855.30768925,-0.08685606947573526,0.04842772021032789,-0.06042845671444295,43855.30768925,0.7811566837716833,0.2298363911192218,0.622921943351025,-0.102495402097702,0.05539072304964066,-0.05889793112874031,-0.03588936850428581,0.01581434719264507,-0.008404891937971115,XArbitraryCorrectedZVertical,0.2399461789500749,0.2168313872655785,0.3925079245850372,0.8610153946601147,0.1850287765264511,-0.5834107995033264,-0.7908199429512024,-12.60892391204834,-32.31240081787109,-35.97746276855469,2,192.168.0.12,0.0.0.0,1,1,0.76,0
2016-03-01 13:04:19.839,43,519ED1E0-92A7-4D81-8A46-CB597B0F66FC,my_iOS_device_1,1456859058.999994,40.73552349120447,-96.67853171946172,395.9674,0,99.84375,3,5,-9999,1456859059.819413,-12.59679412841797,-28.41394805908203,-39.90005493164062,92.56544494628906,89.29147338867188,10,43855.37926845834,0.1822509765625,-0.5654144287109375,-0.8459014892578125,43855.36968633334,-0.1241688205605084,-0.05883988112421069,-0.0611626902269778,43855.33868791667,0.7797786360329477,0.230223077732809,0.6167402092291211,-0.1524897962808609,0.006943177431821823,-0.1101641952991486,-0.01334820687770844,0.00696787191554904,-0.04297468066215515,XArbitraryCorrectedZVertical,0.2372739124339731,0.2158212488919128,0.3920041780571719,0.8622383680808657,0.1861539930105209,-0.5783789753913879,-0.7942445874214172,-12.53594779968262,-32.15153121948242,-36.14669036865234,2,192.168.0.12,0.0.0.0,1,1,0.76,0
2016-03-01 13:04:19.903,44,519ED1E0-92A7-4D81-8A46-CB597B0F66FC,my_iOS_device_1,1456859058.999994,40.73552349120447,-96.67853171946172,395.9674,0,99.84375,3,5,-9999,1456859059.872262,-12.42863464355469,-28.21078491210938,-39.80088806152344,93.51715087890625,90.24317932128906,10,43855.43860437501,0.19464111328125,-0.578216552734375,-0.758148193359375,43855.43168366667,-0.01049045784993113,-0.05921032683184071,-0.05247572506724833,43855.40068508334,0.7767273079972277,0.2276597443904917,0.6081047933414364,-0.02730332501232624,-0.09953480213880539,-0.06698387116193771,-0.000987972947768867,-0.006491535808891058,-0.01550837513059378,XArbitraryCorrectedZVertical,0.2342618468124717,0.2129409221250691,0.3904402804850191,0.8644847819292936,0.185237854719162,-0.5713130235671997,-0.7995551228523254,-12.40516090393066,-31.89982223510742,-36.41383361816406,2,192.168.0.12,0.0.0.0,1,1,0.76,0
2016-03-01 13:04:19.957,45,519ED1E0-92A7-4D81-8A46-CB597B0F66FC,my_iOS_device_1,1456859058.999994,40.73552349120447,-96.67853171946172,395.9674,0,99.84375,3,5,-9999,1456859059.924187,-12.52952575683594,-27.702880859375,-40.26365661621094,92.84608459472656,89.57211303710938,10,43855.49801383333,0.1851654052734375,-0.5699615478515625,-0.79803466796875,43855.49368091667,0.01395150200259811,0.2216096237887636,-0.04826580001605107,43855.46268212501,0.7728749587335192,0.2294171724448383,0.6053225332000968,-0.09648560732603073,0.1061502322554588,-0.05008900910615921,0.0005728144897148013,-0.01286659017205238,0.04038188979029655,XArbitraryCorrectedZVertical,0.2330903074894128,0.2127964914973572,0.388995312401603,0.8654878443343432,0.1870034784078598,-0.569027304649353,-0.8007731437683105,-12.43849563598633,-31.86250686645508,-36.43512725830078,2,192.168.0.12,0.0.0.0,1,1,0.76,0
2016-03-01 13:04:20.038,46,519ED1E0-92A7-4D81-8A46-CB597B0F66FC,my_iOS_device_1,1456859058.999994,40.73552349120447,-96.67853171946172,395.9674,0,99.84375,3,5,-9999,1456859059.97643,-11.89051818847656,-27.66902160644531,-40.36282348632812,92.96031188964844,89.68634033203125,10,43855.55742270833,0.2257232666015625,-0.574554443359375,-0.7817535400390625,43855.55567791667,0.02492718780314167,0.3407855499375915,-0.04508332251340638,43855.52467929167,0.769093036699779,0.2467024213389232,0.6055126119611324,0.04406620562076569,0.3334062099456787,-0.05447718501091003,0.01065103989094496,-0.005340300034731627,0.008925245143473148,XArbitraryCorrectedZVertical,0.2302205735859369,0.2198642948532636,0.389361307382719,0.8643239853548447,0.2007900029420853,-0.5691836476325989,-0.7973163723945618,-11.9982795715332,-31.82112693786621,-36.61845397949219,2,192.168.0.12,0.0.0.0,1,1,0.76,0
2016-03-01 13:04:20.076,47,519ED1E0-92A7-4D81-8A46-CB597B0F66FC,my_iOS_device_1,1456859058.999994,40.73552349120447,-96.67853171946172,395.9674,0,99.84375,3,5,-9999,1456859060.027082,-11.21787261962891,-27.77060317993164,-40.49504089355469,92.95347595214844,89.67950439453125,10,43855.616814,0.221771240234375,-0.565948486328125,-0.833251953125,43855.61767525,-0.1593784733324461,0.09990502618490552,0.04272322915537816,43855.58667654167,0.7659466057868047,0.2687713901100166,0.6039365056263626,-0.1707970052957535,0.1832761913537979,-0.01946560852229595,0.02422427572309971,-0.01081780530512333,6.65322022541659e-06,XArbitraryCorrectedZVertical,0.225567578768811,0.2287829731558413,0.3905149697316794,0.8627141340083853,0.2185735702514648,-0.567887008190155,-0.7935552597045898,-11.07889270782471,-31.9651985168457,-36.78230667114258,2,192.168.0.12,0.0.0.0,1,1,0.76,0
2016-03-01 13:04:20.152,48,519ED1E0-92A7-4D81-8A46-CB597B0F66FC,my_iOS_device_1,1456859059.999994,40.73552349120447,-96.67853171946172,396.6869,0,99.84375,3,5,-9999,1456859060.13068,-10.78064727783203,-27.39813613891602,-40.85862731933594,92.60152435302734,89.32755279541016,10,43855.67621241667,0.219085693359375,-0.556640625,-0.8551177978515625,43855.67967233334,-0.1265326423440628,0.05812189289432532,-0.0362141971351155,43855.64867370834,0.7716602119068635,0.2734288052809054,0.5931670631246752,-0.1891085207462311,0.1067527085542679,0.00788636039942503,-0.01807986572384834,0.0147698987275362,-0.03494178503751755,XArbitraryCorrectedZVertical,0.2191932765966742,0.2297144024343163,0.3934428352288096,0.8627794250074565,0.2239056676626205,-0.5589898824691772,-0.7983711957931519,-10.7075834274292,-31.57262992858887,-37.2286262512207,2,192.168.0.12,0.0.0.0,1,1,0.76,0
2016-03-01 13:04:20.204,49,519ED1E0-92A7-4D81-8A46-CB597B0F66FC,my_iOS_device_1,1456859059.999994,40.73552349120447,-96.67853171946172,396.6869,0,99.84375,3,5,-9999,1456859060.182849,-10.74702453613281,-26.75479125976562,-40.8917236328125,92.68604278564453,89.41207122802734,10,43855.73561070833,0.2170562744140625,-0.5456085205078125,-0.7912139892578125,43855.71067104167,-0.1312720038199678,0.0002141181516423708,-0.05717513912680216,43855.71067104167,0.7731534382485942,0.2747030771187543,0.5821827669643861,-0.1469621211290359,0.007184552028775215,-0.05569186061620712,-0.00912179984152317,0.0006540969479829073,0.0005563608137890697,XArbitraryCorrectedZVertical,0.2138654929416452,0.2286659551955605,0.3941537826388433,0.8640695732953705,0.2265748083591461,-0.5498484373092651,-0.803946852684021,-10.52718925476074,-31.12361145019531,-37.65571594238281,2,192.168.0.12,0.0.0.0,1,1,0.76,0
2016-03-01 13:04:20.254,50,519ED1E0-92A7-4D81-8A46-CB597B0F66FC,my_iOS_device_1,1456859059.999994,40.73552349120447,-96.67853171946172,396.6869,0,99.84375,3,5,-9999,1456859060.234376,-10.73020172119141,-26.02679443359375,-41.33795166015625,91.59212493896484,88.31815338134766,10,43855.795014625,0.235260009765625,-0.54644775390625,-0.767547607421875,43855.77266812501,-0.2425673699871422,-0.0005989449291588206,-0.06465356178385366,43855.77266812501,0.7722898005464645,0.2755356323530696,0.5673058662798055,-0.2582559585571289,0.0063712396658957,-0.0631699413061142,0.004625517409294844,-0.01096268557012081,0.01458890829235315,XArbitraryCorrectedZVertical,0.2071456906045544,0.2265404200960225,0.3937486493353909,0.8664479800156838,0.2294443100690842,-0.5373619198799133,-0.8115401864051819,-10.39136981964111,-30.73392868041992,-38.01182556152344,2,192.168.0.12,0.0.0.0,1,1,0.76,0
2016-03-01 13:04:20.338,51,519ED1E0-92A7-4D81-8A46-CB597B0F66FC,my_iOS_device_1,1456859059.999994,40.73552349120447,-96.67853171946172,396.6869,0,99.84375,3,5,-9999,1456859060.287529,-10.12482452392578,-25.65433120727539,-41.80070495605469,91.74431610107422,88.47034454345703,10,43855.85441154167,0.23345947265625,-0.5224151611328125,-0.8262939453125,43855.83466545834,-0.4263220230931926,0.1894487578327488,0.05732321088341056,43855.83466545834,0.7772464097676367,0.2790967942269745,0.5497811035100163,-0.4419986605644226,0.1964238435029984,0.05880597233772278,0.009752796962857246,-0.02246704883873463,0.03538977354764938,XArbitraryCorrectedZVertical,0.1980320495199525,0.2257441671673159,0.3960840782937813,0.8677213154435309,0.2348913699388504,-0.5225005745887756,-0.8196457624435425,-10.2236385345459,-30.1289176940918,-38.53802490234375,2,192.168.0.12,0.0.0.0,1,1,0.76,0
2016-03-01 13:04:20.373,52,519ED1E0-92A7-4D81-8A46-CB597B0F66FC,my_iOS_device_1,1456859059.999994,40.73552349120447,-96.67853171946172,396.6869,0,99.84375,3,5,-9999,1456859060.341026,-10.05755615234375,-25.01098251342773,-42.19737243652344,91.93244171142578,88.65847015380859,10,43855.91391845833,0.2603302001953125,-0.5196075439453125,-0.82684326171875,43855.89666266667,-0.4271726367453639,0.1337119920106984,-0.002381132330639847,43855.89666266667,0.7882412221880084,0.2854139062205659,0.521116770646073,-0.4428485631942749,0.1406864374876022,-0.0008979290723800659,0.02359436266124249,-0.01930189691483974,-0.009206132963299751,XArbitraryCorrectedZVertical,0.1826818037982983,0.2248065420957744,0.4010938940422699,0.8690299565342801,0.2441821247339249,-0.4978489875793457,-0.8321787714958191,-9.781308174133301,-29.04080581665039,-39.47672271728516,2,192.168.0.12,0.0.0.0,1,1,0.76,0
2016-03-01 13:04:20.451,53,519ED1E0-92A7-4D81-8A46-CB597B0F66FC,my_iOS_device_1,1456859059.999994,40.73552349120447,-96.67853171946172,396.6869,0,99.84375,3,5,-9999,1456859060.441457,-10.29297637939453,-23.75814819335938,-42.9576416015625,92.60462951660156,89.33065795898438,10,43855.973195625,0.2176513671875,-0.4869384765625,-0.9392852783203125,43855.95865975,-0.274221170071606,-0.2050407670668357,0.1120900534364541,43855.95865975,0.8000463089939488,0.2860069408462362,0.4962864443615655,-0.2898918390274048,-0.1980640590190887,0.1135728359222412,0.01427226327359676,-0.01738224364817142,-0.09465776383876801,XArbitraryCorrectedZVertical,0.1701037906637539,0.2219163193166216,0.4058970161729321,0.8700950866915171,0.2480873614549637,-0.4761632978916168,-0.8436356782913208,-9.410844802856445,-27.9152660369873,-40.36864852905273,2,192.168.0.12,0.0.0.0,1,1,0.76,0
2016-03-01 13:04:20.542,54,519ED1E0-92A7-4D81-8A46-CB597B0F66FC,my_iOS_device_1,1456859059.999994,40.73552349120447,-96.67853171946172,396.6869,0,99.84375,3,5,-9999,1456859060.493397,-10.59567260742188,-23.14866256713867,-43.35427856445312,92.57599639892578,89.30202484130859,10,43856.03257475,0.1727752685546875,-0.5016632080078125,-0.7613067626953125,43856.02065708333,0.07751982564224448,-0.06436407617336205,0.1826592949497007,43856.02065708333,0.8141880666832669,0.2601248488218394,0.5073757943204942,0.06184894219040871,-0.05739443376660347,0.1841464936733246,-0.04035141691565514,-0.01078827679157257,0.06761054694652557,XArbitraryCorrectedZVertical,0.1788094964664047,0.2138173597865284,0.4099229407461433,0.8684886201196916,0.2247996628284454,-0.4858853220939636,-0.8446186184883118,-10.40885257720947,-27.62014770507812,-40.32662963867188,2,192.168.0.12,0.0.0.0,1,1,0.76,0
2016-03-01 13:04:20.551,55,519ED1E0-92A7-4D81-8A46-CB597B0F66FC,my_iOS_device_1,1456859059.999994,40.73552349120447,-96.67853171946172,396.6869,0,99.84375,3,5,-9999,1456859060.545378,-10.86474609375,-22.06513404846191,-43.65177917480469,89.03012084960938,85.75614929199219,10,43856.09195658334,0.156982421875,-0.4942169189453125,-0.77618408203125,43856.08265416667,-0.8862347633316635,0.3960645183682573,-0.03067269153887862,43856.05165554167,0.820828295327894,0.2560593963428004,0.5014976308749792,-0.5463581681251526,0.04686184599995613,0.04921406507492065,-0.03691818937659264,-0.0206950306892395,0.08534970134496689,XArbitraryCorrectedZVertical,0.1763116188545055,0.2116063884382893,0.4123983128208467,0.8683689198788439,0.2220835983753204,-0.4807392954826355,-0.8482738733291626,-10.79491138458252,-27.59367561340332,-40.24317169189453,2,192.168.0.12,0.0.0.0,1,1,0.76,0
